id,category,price,description,brand,rating,name
1,skydiving,5999.99,Lorem ipsum dolor sit amet consectetur adipiscing elit. Vivamus dictum nunc nisl sit amet porttitor est convallis non. Ut commodo rutrum lacus non congue. Nullam sodales sed mi quis consectetur. Phasellus euismod mi ornare pellentesque congue. Phasellus scelerisque nisl ut venenatis facilisis. Sed ut euismod odio. Phasellus vitae eros eget augue tempus blandit in lobortis lacus.,Air Time,1,Xtreme Single Engine
2,skydiving,5999.99,Lorem ipsum dolor sit amet consectetur adipiscing elit. Vivamus dictum nunc nisl sit amet porttitor est convallis non. Ut commodo rutrum lacus non congue. Nullam sodales sed mi quis consectetur. Phasellus euismod mi ornare pellentesque congue. Phasellus scelerisque nisl ut venenatis facilisis. Sed ut euismod odio. Phasellus vitae eros eget augue tempus blandit in lobortis lacus.,Air Time,2,Military insertion
3,skydiving,5999.99,Lorem ipsum dolor sit amet consectetur adipiscing elit. Vivamus dictum nunc nisl sit amet porttitor est convallis non. Ut commodo rutrum lacus non congue. Nullam sodales sed mi quis consectetur. Phasellus euismod mi ornare pellentesque congue. Phasellus scelerisque nisl ut venenatis facilisis. Sed ut euismod odio. Phasellus vitae eros eget augue tempus blandit in lobortis lacus.,Air Time,3,HALO
4,skydiving,5999.99,Lorem ipsum dolor sit amet consectetur adipiscing elit. Vivamus dictum nunc nisl sit amet porttitor est convallis non. Ut commodo rutrum lacus non congue. Nullam sodales sed mi quis consectetur. Phasellus euismod mi ornare pellentesque congue. Phasellus scelerisque nisl ut venenatis facilisis. Sed ut euismod odio. Phasellus vitae eros eget augue tempus blandit in lobortis lacus.,Air Time,4,Seal Team Six
5,skydiving,5999.99,Lorem ipsum dolor sit amet consectetur adipiscing elit. Vivamus dictum nunc nisl sit amet porttitor est convallis non. Ut commodo rutrum lacus non congue. Nullam sodales sed mi quis consectetur. Phasellus euismod mi ornare pellentesque congue. Phasellus scelerisque nisl ut venenatis facilisis. Sed ut euismod odio. Phasellus vitae eros eget augue tempus blandit in lobortis lacus.,Air Time,5,Escape and Evasion
6,skydiving,3999.99,Lorem ipsum dolor sit amet consectetur adipiscing elit. Vivamus dictum nunc nisl sit amet porttitor est convallis non. Ut commodo rutrum lacus non congue. Nullam sodales sed mi quis consectetur. Phasellus euismod mi ornare pellentesque congue. Phasellus scelerisque nisl ut venenatis facilisis. Sed ut euismod odio. Phasellus vitae eros eget augue tempus blandit in lobortis lacus.,Air Time,1,Behind Enemy Lines
7,skydiving,3999.99,Lorem ipsum dolor sit amet consectetur adipiscing elit. Vivamus dictum nunc nisl sit amet porttitor est convallis non. Ut commodo rutrum lacus non congue. Nullam sodales sed mi quis consectetur. Phasellus euismod mi ornare pellentesque congue. Phasellus scelerisque nisl ut venenatis facilisis. Sed ut euismod odio. Phasellus vitae eros eget augue tempus blandit in lobortis lacus.,Air Time,2,Air Drop
8,skydiving,3999.99,Lorem ipsum dolor sit amet consectetur adipiscing elit. Vivamus dictum nunc nisl sit amet porttitor est convallis non. Ut commodo rutrum lacus non congue. Nullam sodales sed mi quis consectetur. Phasellus euismod mi ornare pellentesque congue. Phasellus scelerisque nisl ut venenatis facilisis. Sed ut euismod odio. Phasellus vitae eros eget augue tempus blandit in lobortis lacus.,Air Time,3,Moonraker 101
9,skydiving,3999.99,Lorem ipsum dolor sit amet consectetur adipiscing elit. Vivamus dictum nunc nisl sit amet porttitor est convallis non. Ut commodo rutrum lacus non congue. Nullam sodales sed mi quis consectetur. Phasellus euismod mi ornare pellentesque congue. Phasellus scelerisque nisl ut venenatis facilisis. Sed ut euismod odio. Phasellus vitae eros eget augue tempus blandit in lobortis lacus.,Air Time,4,Tom Cruise Special
10,skydiving,3999.99,Lorem ipsum dolor sit amet consectetur adipiscing elit. Vivamus dictum nunc nisl sit amet porttitor est convallis non. Ut commodo rutrum lacus non congue. Nullam sodales sed mi quis consectetur. Phasellus euismod mi ornare pellentesque congue. Phasellus scelerisque nisl ut venenatis facilisis. Sed ut euismod odio. Phasellus vitae eros eget augue tempus blandit in lobortis lacus.,Air Time,5,Squirrel Suit Extravaganza
11,skydiving,9999.99,Lorem ipsum dolor sit amet consectetur adipiscing elit. Vivamus dictum nunc nisl sit amet porttitor est convallis non. Ut commodo rutrum lacus non congue. Nullam sodales sed mi quis consectetur. Phasellus euismod mi ornare pellentesque congue. Phasellus scelerisque nisl ut venenatis facilisis. Sed ut euismod odio. Phasellus vitae eros eget augue tempus blandit in lobortis lacus.,Air Time,1,Hit the target
12,skydiving,9999.99,Lorem ipsum dolor sit amet consectetur adipiscing elit. Vivamus dictum nunc nisl sit amet porttitor est convallis non. Ut commodo rutrum lacus non congue. Nullam sodales sed mi quis consectetur. Phasellus euismod mi ornare pellentesque congue. Phasellus scelerisque nisl ut venenatis facilisis. Sed ut euismod odio. Phasellus vitae eros eget augue tempus blandit in lobortis lacus.,Out Of This World,2,Don't Go Splat
13,skydiving,9999.99,Lorem ipsum dolor sit amet consectetur adipiscing elit. Vivamus dictum nunc nisl sit amet porttitor est convallis non. Ut commodo rutrum lacus non congue. Nullam sodales sed mi quis consectetur. Phasellus euismod mi ornare pellentesque congue. Phasellus scelerisque nisl ut venenatis facilisis. Sed ut euismod odio. Phasellus vitae eros eget augue tempus blandit in lobortis lacus.,Out Of This World,3,Team Jumping for Dummies
14,skydiving,9999.99,Lorem ipsum dolor sit amet consectetur adipiscing elit. Vivamus dictum nunc nisl sit amet porttitor est convallis non. Ut commodo rutrum lacus non congue. Nullam sodales sed mi quis consectetur. Phasellus euismod mi ornare pellentesque congue. Phasellus scelerisque nisl ut venenatis facilisis. Sed ut euismod odio. Phasellus vitae eros eget augue tempus blandit in lobortis lacus.,Out Of This World,4,Make Shapes
15,skydiving,9999.99,Lorem ipsum dolor sit amet consectetur adipiscing elit. Vivamus dictum nunc nisl sit amet porttitor est convallis non. Ut commodo rutrum lacus non congue. Nullam sodales sed mi quis consectetur. Phasellus euismod mi ornare pellentesque congue. Phasellus scelerisque nisl ut venenatis facilisis. Sed ut euismod odio. Phasellus vitae eros eget augue tempus blandit in lobortis lacus.,Out Of This World,5,Chutes are for wimps
16,skydiving,9999.99,Lorem ipsum dolor sit amet consectetur adipiscing elit. Vivamus dictum nunc nisl sit amet porttitor est convallis non. Ut commodo rutrum lacus non congue. Nullam sodales sed mi quis consectetur. Phasellus euismod mi ornare pellentesque congue. Phasellus scelerisque nisl ut venenatis facilisis. Sed ut euismod odio. Phasellus vitae eros eget augue tempus blandit in lobortis lacus.,Out Of This World,1,Mile High club
17,skydiving,9999.99,Lorem ipsum dolor sit amet consectetur adipiscing elit. Vivamus dictum nunc nisl sit amet porttitor est convallis non. Ut commodo rutrum lacus non congue. Nullam sodales sed mi quis consectetur. Phasellus euismod mi ornare pellentesque congue. Phasellus scelerisque nisl ut venenatis facilisis. Sed ut euismod odio. Phasellus vitae eros eget augue tempus blandit in lobortis lacus.,Out Of This World,2,Red Light Green Light
18,skydiving,9999.99,Lorem ipsum dolor sit amet consectetur adipiscing elit. Vivamus dictum nunc nisl sit amet porttitor est convallis non. Ut commodo rutrum lacus non congue. Nullam sodales sed mi quis consectetur. Phasellus euismod mi ornare pellentesque congue. Phasellus scelerisque nisl ut venenatis facilisis. Sed ut euismod odio. Phasellus vitae eros eget augue tempus blandit in lobortis lacus.,Out Of This World,3,80s Action Movie Special
19,skydiving,9999.99,Lorem ipsum dolor sit amet consectetur adipiscing elit. Vivamus dictum nunc nisl sit amet porttitor est convallis non. Ut commodo rutrum lacus non congue. Nullam sodales sed mi quis consectetur. Phasellus euismod mi ornare pellentesque congue. Phasellus scelerisque nisl ut venenatis facilisis. Sed ut euismod odio. Phasellus vitae eros eget augue tempus blandit in lobortis lacus.,Out Of This World,4,Penultimate Experience
20,skydiving,299999.99,Lorem ipsum dolor sit amet consectetur adipiscing elit. Vivamus dictum nunc nisl sit amet porttitor est convallis non. Ut commodo rutrum lacus non congue. Nullam sodales sed mi quis consectetur. Phasellus euismod mi ornare pellentesque congue. Phasellus scelerisque nisl ut venenatis facilisis. Sed ut euismod odio. Phasellus vitae eros eget augue tempus blandit in lobortis lacus.,Out Of This World,5,Felix Baumgartner Experience
21,mountaineering,5999.99,Lorem ipsum dolor sit amet consectetur adipiscing elit. Vivamus dictum nunc nisl sit amet porttitor est convallis non. Ut commodo rutrum lacus non congue. Nullam sodales sed mi quis consectetur. Phasellus euismod mi ornare pellentesque congue. Phasellus scelerisque nisl ut venenatis facilisis. Sed ut euismod odio. Phasellus vitae eros eget augue tempus blandit in lobortis lacus.,Adventure Consultants,1,Everest
22,mountaineering,5999.99,Lorem ipsum dolor sit amet consectetur adipiscing elit. Vivamus dictum nunc nisl sit amet porttitor est convallis non. Ut commodo rutrum lacus non congue. Nullam sodales sed mi quis consectetur. Phasellus euismod mi ornare pellentesque congue. Phasellus scelerisque nisl ut venenatis facilisis. Sed ut euismod odio. Phasellus vitae eros eget augue tempus blandit in lobortis lacus.,Adventure Consultants,2,K2
23,mountaineering,5999.99,Lorem ipsum dolor sit amet consectetur adipiscing elit. Vivamus dictum nunc nisl sit amet porttitor est convallis non. Ut commodo rutrum lacus non congue. Nullam sodales sed mi quis consectetur. Phasellus euismod mi ornare pellentesque congue. Phasellus scelerisque nisl ut venenatis facilisis. Sed ut euismod odio. Phasellus vitae eros eget augue tempus blandit in lobortis lacus.,Adventure Consultants,3,Ana Purna
24,mountaineering,5999.99,Lorem ipsum dolor sit amet consectetur adipiscing elit. Vivamus dictum nunc nisl sit amet porttitor est convallis non. Ut commodo rutrum lacus non congue. Nullam sodales sed mi quis consectetur. Phasellus euismod mi ornare pellentesque congue. Phasellus scelerisque nisl ut venenatis facilisis. Sed ut euismod odio. Phasellus vitae eros eget augue tempus blandit in lobortis lacus.,Adventure Consultants,4,Denali
25,mountaineering,5999.99,Lorem ipsum dolor sit amet consectetur adipiscing elit. Vivamus dictum nunc nisl sit amet porttitor est convallis non. Ut commodo rutrum lacus non congue. Nullam sodales sed mi quis consectetur. Phasellus euismod mi ornare pellentesque congue. Phasellus scelerisque nisl ut venenatis facilisis. Sed ut euismod odio. Phasellus vitae eros eget augue tempus blandit in lobortis lacus.,Adventure Consultants,5,Kilamanjaro
26,mountaineering,3999.99,Lorem ipsum dolor sit amet consectetur adipiscing elit. Vivamus dictum nunc nisl sit amet porttitor est convallis non. Ut commodo rutrum lacus non congue. Nullam sodales sed mi quis consectetur. Phasellus euismod mi ornare pellentesque congue. Phasellus scelerisque nisl ut venenatis facilisis. Sed ut euismod odio. Phasellus vitae eros eget augue tempus blandit in lobortis lacus.,Adventure Consultants,1,Fuji
27,mountaineering,3999.99,Lorem ipsum dolor sit amet consectetur adipiscing elit. Vivamus dictum nunc nisl sit amet porttitor est convallis non. Ut commodo rutrum lacus non congue. Nullam sodales sed mi quis consectetur. Phasellus euismod mi ornare pellentesque congue. Phasellus scelerisque nisl ut venenatis facilisis. Sed ut euismod odio. Phasellus vitae eros eget augue tempus blandit in lobortis lacus.,Adventure Consultants,2,Pikes Peak
28,mountaineering,3999.99,Lorem ipsum dolor sit amet consectetur adipiscing elit. Vivamus dictum nunc nisl sit amet porttitor est convallis non. Ut commodo rutrum lacus non congue. Nullam sodales sed mi quis consectetur. Phasellus euismod mi ornare pellentesque congue. Phasellus scelerisque nisl ut venenatis facilisis. Sed ut euismod odio. Phasellus vitae eros eget augue tempus blandit in lobortis lacus.,Adventure Consultants,3,Matterhorn
29,mountaineering,3999.99,Lorem ipsum dolor sit amet consectetur adipiscing elit. Vivamus dictum nunc nisl sit amet porttitor est convallis non. Ut commodo rutrum lacus non congue. Nullam sodales sed mi quis consectetur. Phasellus euismod mi ornare pellentesque congue. Phasellus scelerisque nisl ut venenatis facilisis. Sed ut euismod odio. Phasellus vitae eros eget augue tempus blandit in lobortis lacus.,Adventure Consultants,4,Eiger
30,mountaineering,3999.99,Lorem ipsum dolor sit amet consectetur adipiscing elit. Vivamus dictum nunc nisl sit amet porttitor est convallis non. Ut commodo rutrum lacus non congue. Nullam sodales sed mi quis consectetur. Phasellus euismod mi ornare pellentesque congue. Phasellus scelerisque nisl ut venenatis facilisis. Sed ut euismod odio. Phasellus vitae eros eget augue tempus blandit in lobortis lacus.,Adventure Consultants,5,Huang
31,mountaineering,9999.99,Lorem ipsum dolor sit amet consectetur adipiscing elit. Vivamus dictum nunc nisl sit amet porttitor est convallis non. Ut commodo rutrum lacus non congue. Nullam sodales sed mi quis consectetur. Phasellus euismod mi ornare pellentesque congue. Phasellus scelerisque nisl ut venenatis facilisis. Sed ut euismod odio. Phasellus vitae eros eget augue tempus blandit in lobortis lacus.,Adventure Consultants,1,Kailash
32,mountaineering,9999.99,Lorem ipsum dolor sit amet consectetur adipiscing elit. Vivamus dictum nunc nisl sit amet porttitor est convallis non. Ut commodo rutrum lacus non congue. Nullam sodales sed mi quis consectetur. Phasellus euismod mi ornare pellentesque congue. Phasellus scelerisque nisl ut venenatis facilisis. Sed ut euismod odio. Phasellus vitae eros eget augue tempus blandit in lobortis lacus.,Adventure Consultants,2,Fitz Roy
33,mountaineering,9999.99,Lorem ipsum dolor sit amet consectetur adipiscing elit. Vivamus dictum nunc nisl sit amet porttitor est convallis non. Ut commodo rutrum lacus non congue. Nullam sodales sed mi quis consectetur. Phasellus euismod mi ornare pellentesque congue. Phasellus scelerisque nisl ut venenatis facilisis. Sed ut euismod odio. Phasellus vitae eros eget augue tempus blandit in lobortis lacus.,Mountain Madness,3,Everest
34,mountaineering,9999.99,Lorem ipsum dolor sit amet consectetur adipiscing elit. Vivamus dictum nunc nisl sit amet porttitor est convallis non. Ut commodo rutrum lacus non congue. Nullam sodales sed mi quis consectetur. Phasellus euismod mi ornare pellentesque congue. Phasellus scelerisque nisl ut venenatis facilisis. Sed ut euismod odio. Phasellus vitae eros eget augue tempus blandit in lobortis lacus.,Mountain Madness,4,K2
35,mountaineering,9999.99,Lorem ipsum dolor sit amet consectetur adipiscing elit. Vivamus dictum nunc nisl sit amet porttitor est convallis non. Ut commodo rutrum lacus non congue. Nullam sodales sed mi quis consectetur. Phasellus euismod mi ornare pellentesque congue. Phasellus scelerisque nisl ut venenatis facilisis. Sed ut euismod odio. Phasellus vitae eros eget augue tempus blandit in lobortis lacus.,Mountain Madness,5,Ana Purna
36,mountaineering,9999.99,Lorem ipsum dolor sit amet consectetur adipiscing elit. Vivamus dictum nunc nisl sit amet porttitor est convallis non. Ut commodo rutrum lacus non congue. Nullam sodales sed mi quis consectetur. Phasellus euismod mi ornare pellentesque congue. Phasellus scelerisque nisl ut venenatis facilisis. Sed ut euismod odio. Phasellus vitae eros eget augue tempus blandit in lobortis lacus.,Mountain Madness,1,Denali
37,mountaineering,9999.99,Lorem ipsum dolor sit amet consectetur adipiscing elit. Vivamus dictum nunc nisl sit amet porttitor est convallis non. Ut commodo rutrum lacus non congue. Nullam sodales sed mi quis consectetur. Phasellus euismod mi ornare pellentesque congue. Phasellus scelerisque nisl ut venenatis facilisis. Sed ut euismod odio. Phasellus vitae eros eget augue tempus blandit in lobortis lacus.,Mountain Madness,2,Kilamanjaro
38,mountaineering,9999.99,Lorem ipsum dolor sit amet consectetur adipiscing elit. Vivamus dictum nunc nisl sit amet porttitor est convallis non. Ut commodo rutrum lacus non congue. Nullam sodales sed mi quis consectetur. Phasellus euismod mi ornare pellentesque congue. Phasellus scelerisque nisl ut venenatis facilisis. Sed ut euismod odio. Phasellus vitae eros eget augue tempus blandit in lobortis lacus.,Mountain Madness,3,Fuji
39,mountaineering,9999.99,Lorem ipsum dolor sit amet consectetur adipiscing elit. Vivamus dictum nunc nisl sit amet porttitor est convallis non. Ut commodo rutrum lacus non congue. Nullam sodales sed mi quis consectetur. Phasellus euismod mi ornare pellentesque congue. Phasellus scelerisque nisl ut venenatis facilisis. Sed ut euismod odio. Phasellus vitae eros eget augue tempus blandit in lobortis lacus.,Mountain Madness,4,Pikes Peak
40,mountaineering,299999.99,Lorem ipsum dolor sit amet consectetur adipiscing elit. Vivamus dictum nunc nisl sit amet porttitor est convallis non. Ut commodo rutrum lacus non congue. Nullam sodales sed mi quis consectetur. Phasellus euismod mi ornare pellentesque congue. Phasellus scelerisque nisl ut venenatis facilisis. Sed ut euismod odio. Phasellus vitae eros eget augue tempus blandit in lobortis lacus.,Mountain Madness,5,Banff
41,heli-skiing,19999.99,Lorem ipsum dolor sit amet consectetur adipiscing elit. Vivamus dictum nunc nisl sit amet porttitor est convallis non. Ut commodo rutrum lacus non congue. Nullam sodales sed mi quis consectetur. Phasellus euismod mi ornare pellentesque congue. Phasellus scelerisque nisl ut venenatis facilisis. Sed ut euismod odio. Phasellus vitae eros eget augue tempus blandit in lobortis lacus.,Two Rotors No Problems,1,Copper Mountain
42,heli-skiing,19999.99,Lorem ipsum dolor sit amet consectetur adipiscing elit. Vivamus dictum nunc nisl sit amet porttitor est convallis non. Ut commodo rutrum lacus non congue. Nullam sodales sed mi quis consectetur. Phasellus euismod mi ornare pellentesque congue. Phasellus scelerisque nisl ut venenatis facilisis. Sed ut euismod odio. Phasellus vitae eros eget augue tempus blandit in lobortis lacus.,Two Rotors No Problems,2,Breckenridge
43,heli-skiing,19999.99,Lorem ipsum dolor sit amet consectetur adipiscing elit. Vivamus dictum nunc nisl sit amet porttitor est convallis non. Ut commodo rutrum lacus non congue. Nullam sodales sed mi quis consectetur. Phasellus euismod mi ornare pellentesque congue. Phasellus scelerisque nisl ut venenatis facilisis. Sed ut euismod odio. Phasellus vitae eros eget augue tempus blandit in lobortis lacus.,Two Rotors No Problems,3,Vail
44,heli-skiing,19999.99,Lorem ipsum dolor sit amet consectetur adipiscing elit. Vivamus dictum nunc nisl sit amet porttitor est convallis non. Ut commodo rutrum lacus non congue. Nullam sodales sed mi quis consectetur. Phasellus euismod mi ornare pellentesque congue. Phasellus scelerisque nisl ut venenatis facilisis. Sed ut euismod odio. Phasellus vitae eros eget augue tempus blandit in lobortis lacus.,Two Rotors No Problems,4,A-Basin
45,heli-skiing,19999.99,Lorem ipsum dolor sit amet consectetur adipiscing elit. Vivamus dictum nunc nisl sit amet porttitor est convallis non. Ut commodo rutrum lacus non congue. Nullam sodales sed mi quis consectetur. Phasellus euismod mi ornare pellentesque congue. Phasellus scelerisque nisl ut venenatis facilisis. Sed ut euismod odio. Phasellus vitae eros eget augue tempus blandit in lobortis lacus.,Two Rotors No Problems,5,Loveland
46,heli-skiing,19999.99,Lorem ipsum dolor sit amet consectetur adipiscing elit. Vivamus dictum nunc nisl sit amet porttitor est convallis non. Ut commodo rutrum lacus non congue. Nullam sodales sed mi quis consectetur. Phasellus euismod mi ornare pellentesque congue. Phasellus scelerisque nisl ut venenatis facilisis. Sed ut euismod odio. Phasellus vitae eros eget augue tempus blandit in lobortis lacus.,Two Rotors No Problems,1,Banff
47,heli-skiing,25999.99,Lorem ipsum dolor sit amet consectetur adipiscing elit. Vivamus dictum nunc nisl sit amet porttitor est convallis non. Ut commodo rutrum lacus non congue. Nullam sodales sed mi quis consectetur. Phasellus euismod mi ornare pellentesque congue. Phasellus scelerisque nisl ut venenatis facilisis. Sed ut euismod odio. Phasellus vitae eros eget augue tempus blandit in lobortis lacus.,Two Rotors No Problems,2,Matterhorn
48,heli-skiing,25999.99,Lorem ipsum dolor sit amet consectetur adipiscing elit. Vivamus dictum nunc nisl sit amet porttitor est convallis non. Ut commodo rutrum lacus non congue. Nullam sodales sed mi quis consectetur. Phasellus euismod mi ornare pellentesque congue. Phasellus scelerisque nisl ut venenatis facilisis. Sed ut euismod odio. Phasellus vitae eros eget augue tempus blandit in lobortis lacus.,Two Rotors No Problems,3,Alps
49,heli-skiing,25999.99,Lorem ipsum dolor sit amet consectetur adipiscing elit. Vivamus dictum nunc nisl sit amet porttitor est convallis non. Ut commodo rutrum lacus non congue. Nullam sodales sed mi quis consectetur. Phasellus euismod mi ornare pellentesque congue. Phasellus scelerisque nisl ut venenatis facilisis. Sed ut euismod odio. Phasellus vitae eros eget augue tempus blandit in lobortis lacus.,Two Rotors No Problems,4,Everest
50,heli-skiing,25999.99,Lorem ipsum dolor sit amet consectetur adipiscing elit. Vivamus dictum nunc nisl sit amet porttitor est convallis non. Ut commodo rutrum lacus non congue. Nullam sodales sed mi quis consectetur. Phasellus euismod mi ornare pellentesque congue. Phasellus scelerisque nisl ut venenatis facilisis. Sed ut euismod odio. Phasellus vitae eros eget augue tempus blandit in lobortis lacus.,Macready Air,5,K2
51,heli-skiing,25999.99,Lorem ipsum dolor sit amet consectetur adipiscing elit. Vivamus dictum nunc nisl sit amet porttitor est convallis non. Ut commodo rutrum lacus non congue. Nullam sodales sed mi quis consectetur. Phasellus euismod mi ornare pellentesque congue. Phasellus scelerisque nisl ut venenatis facilisis. Sed ut euismod odio. Phasellus vitae eros eget augue tempus blandit in lobortis lacus.,Macready Air,1,Denali
52,heli-skiing,13999.99,Lorem ipsum dolor sit amet consectetur adipiscing elit. Vivamus dictum nunc nisl sit amet porttitor est convallis non. Ut commodo rutrum lacus non congue. Nullam sodales sed mi quis consectetur. Phasellus euismod mi ornare pellentesque congue. Phasellus scelerisque nisl ut venenatis facilisis. Sed ut euismod odio. Phasellus vitae eros eget augue tempus blandit in lobortis lacus.,Macready Air,2,Antarctica
53,heli-skiing,13999.99,Lorem ipsum dolor sit amet consectetur adipiscing elit. Vivamus dictum nunc nisl sit amet porttitor est convallis non. Ut commodo rutrum lacus non congue. Nullam sodales sed mi quis consectetur. Phasellus euismod mi ornare pellentesque congue. Phasellus scelerisque nisl ut venenatis facilisis. Sed ut euismod odio. Phasellus vitae eros eget augue tempus blandit in lobortis lacus.,Macready Air,3,Silverthorne
54,heli-skiing,13999.99,Lorem ipsum dolor sit amet consectetur adipiscing elit. Vivamus dictum nunc nisl sit amet porttitor est convallis non. Ut commodo rutrum lacus non congue. Nullam sodales sed mi quis consectetur. Phasellus euismod mi ornare pellentesque congue. Phasellus scelerisque nisl ut venenatis facilisis. Sed ut euismod odio. Phasellus vitae eros eget augue tempus blandit in lobortis lacus.,Macready Air,4,Aspen
55,heli-skiing,13999.99,Lorem ipsum dolor sit amet consectetur adipiscing elit. Vivamus dictum nunc nisl sit amet porttitor est convallis non. Ut commodo rutrum lacus non congue. Nullam sodales sed mi quis consectetur. Phasellus euismod mi ornare pellentesque congue. Phasellus scelerisque nisl ut venenatis facilisis. Sed ut euismod odio. Phasellus vitae eros eget augue tempus blandit in lobortis lacus.,Macready Air,5,Gunnison
56,heli-skiing,13999.99,Lorem ipsum dolor sit amet consectetur adipiscing elit. Vivamus dictum nunc nisl sit amet porttitor est convallis non. Ut commodo rutrum lacus non congue. Nullam sodales sed mi quis consectetur. Phasellus euismod mi ornare pellentesque congue. Phasellus scelerisque nisl ut venenatis facilisis. Sed ut euismod odio. Phasellus vitae eros eget augue tempus blandit in lobortis lacus.,Macready Air,1,Crested Butte
57,heli-skiing,13999.99,Lorem ipsum dolor sit amet consectetur adipiscing elit. Vivamus dictum nunc nisl sit amet porttitor est convallis non. Ut commodo rutrum lacus non congue. Nullam sodales sed mi quis consectetur. Phasellus euismod mi ornare pellentesque congue. Phasellus scelerisque nisl ut venenatis facilisis. Sed ut euismod odio. Phasellus vitae eros eget augue tempus blandit in lobortis lacus.,Macready Air,2,Durango
58,heli-skiing,13999.99,Lorem ipsum dolor sit amet consectetur adipiscing elit. Vivamus dictum nunc nisl sit amet porttitor est convallis non. Ut commodo rutrum lacus non congue. Nullam sodales sed mi quis consectetur. Phasellus euismod mi ornare pellentesque congue. Phasellus scelerisque nisl ut venenatis facilisis. Sed ut euismod odio. Phasellus vitae eros eget augue tempus blandit in lobortis lacus.,Macready Air,3,Salida
59,heli-skiing,13999.99,Lorem ipsum dolor sit amet consectetur adipiscing elit. Vivamus dictum nunc nisl sit amet porttitor est convallis non. Ut commodo rutrum lacus non congue. Nullam sodales sed mi quis consectetur. Phasellus euismod mi ornare pellentesque congue. Phasellus scelerisque nisl ut venenatis facilisis. Sed ut euismod odio. Phasellus vitae eros eget augue tempus blandit in lobortis lacus.,Macready Air,4,Buena Vista
60,heli-skiing,13999.99,Lorem ipsum dolor sit amet consectetur adipiscing elit. Vivamus dictum nunc nisl sit amet porttitor est convallis non. Ut commodo rutrum lacus non congue. Nullam sodales sed mi quis consectetur. Phasellus euismod mi ornare pellentesque congue. Phasellus scelerisque nisl ut venenatis facilisis. Sed ut euismod odio. Phasellus vitae eros eget augue tempus blandit in lobortis lacus.,Macready Air,5,Vancouver
61,diving,1999.99,Lorem ipsum dolor sit amet consectetur adipiscing elit. Vivamus dictum nunc nisl sit amet porttitor est convallis non. Ut commodo rutrum lacus non congue. Nullam sodales sed mi quis consectetur. Phasellus euismod mi ornare pellentesque congue. Phasellus scelerisque nisl ut venenatis facilisis. Sed ut euismod odio. Phasellus vitae eros eget augue tempus blandit in lobortis lacus.,Shark Buddies,1,Divestravaganza
62,diving,1999.99,Lorem ipsum dolor sit amet consectetur adipiscing elit. Vivamus dictum nunc nisl sit amet porttitor est convallis non. Ut commodo rutrum lacus non congue. Nullam sodales sed mi quis consectetur. Phasellus euismod mi ornare pellentesque congue. Phasellus scelerisque nisl ut venenatis facilisis. Sed ut euismod odio. Phasellus vitae eros eget augue tempus blandit in lobortis lacus.,Shark Buddies,2,Nuclear Wrecks
63,diving,1999.99,Lorem ipsum dolor sit amet consectetur adipiscing elit. Vivamus dictum nunc nisl sit amet porttitor est convallis non. Ut commodo rutrum lacus non congue. Nullam sodales sed mi quis consectetur. Phasellus euismod mi ornare pellentesque congue. Phasellus scelerisque nisl ut venenatis facilisis. Sed ut euismod odio. Phasellus vitae eros eget augue tempus blandit in lobortis lacus.,Shark Buddies,3,WW2 Wrecks
64,diving,1999.99,Lorem ipsum dolor sit amet consectetur adipiscing elit. Vivamus dictum nunc nisl sit amet porttitor est convallis non. Ut commodo rutrum lacus non congue. Nullam sodales sed mi quis consectetur. Phasellus euismod mi ornare pellentesque congue. Phasellus scelerisque nisl ut venenatis facilisis. Sed ut euismod odio. Phasellus vitae eros eget augue tempus blandit in lobortis lacus.,Shark Buddies,4,Titanic Dive
65,diving,1999.99,Lorem ipsum dolor sit amet consectetur adipiscing elit. Vivamus dictum nunc nisl sit amet porttitor est convallis non. Ut commodo rutrum lacus non congue. Nullam sodales sed mi quis consectetur. Phasellus euismod mi ornare pellentesque congue. Phasellus scelerisque nisl ut venenatis facilisis. Sed ut euismod odio. Phasellus vitae eros eget augue tempus blandit in lobortis lacus.,Shark Buddies,5,Sharktapus Search
66,diving,1999.99,Lorem ipsum dolor sit amet consectetur adipiscing elit. Vivamus dictum nunc nisl sit amet porttitor est convallis non. Ut commodo rutrum lacus non congue. Nullam sodales sed mi quis consectetur. Phasellus euismod mi ornare pellentesque congue. Phasellus scelerisque nisl ut venenatis facilisis. Sed ut euismod odio. Phasellus vitae eros eget augue tempus blandit in lobortis lacus.,Shark Buddies,1,UnderWater Tornado
67,diving,2999.99,Lorem ipsum dolor sit amet consectetur adipiscing elit. Vivamus dictum nunc nisl sit amet porttitor est convallis non. Ut commodo rutrum lacus non congue. Nullam sodales sed mi quis consectetur. Phasellus euismod mi ornare pellentesque congue. Phasellus scelerisque nisl ut venenatis facilisis. Sed ut euismod odio. Phasellus vitae eros eget augue tempus blandit in lobortis lacus.,Shark Buddies,2,Spear Fishing Adventure
68,diving,399.99,Lorem ipsum dolor sit amet consectetur adipiscing elit. Vivamus dictum nunc nisl sit amet porttitor est convallis non. Ut commodo rutrum lacus non congue. Nullam sodales sed mi quis consectetur. Phasellus euismod mi ornare pellentesque congue. Phasellus scelerisque nisl ut venenatis facilisis. Sed ut euismod odio. Phasellus vitae eros eget augue tempus blandit in lobortis lacus.,Shark Buddies,3,Meeting Marlin
69,diving,3999.99,Lorem ipsum dolor sit amet consectetur adipiscing elit. Vivamus dictum nunc nisl sit amet porttitor est convallis non. Ut commodo rutrum lacus non congue. Nullam sodales sed mi quis consectetur. Phasellus euismod mi ornare pellentesque congue. Phasellus scelerisque nisl ut venenatis facilisis. Sed ut euismod odio. Phasellus vitae eros eget augue tempus blandit in lobortis lacus.,Shark Buddies,4,Marianas Trench
70,diving,2999.99,Lorem ipsum dolor sit amet consectetur adipiscing elit. Vivamus dictum nunc nisl sit amet porttitor est convallis non. Ut commodo rutrum lacus non congue. Nullam sodales sed mi quis consectetur. Phasellus euismod mi ornare pellentesque congue. Phasellus scelerisque nisl ut venenatis facilisis. Sed ut euismod odio. Phasellus vitae eros eget augue tempus blandit in lobortis lacus.,Shark Buddies,5,Cuddly Crabs
71,diving,399.99,Lorem ipsum dolor sit amet consectetur adipiscing elit. Vivamus dictum nunc nisl sit amet porttitor est convallis non. Ut commodo rutrum lacus non congue. Nullam sodales sed mi quis consectetur. Phasellus euismod mi ornare pellentesque congue. Phasellus scelerisque nisl ut venenatis facilisis. Sed ut euismod odio. Phasellus vitae eros eget augue tempus blandit in lobortis lacus.,Shark Buddies,1,Loving Lobsters
72,diving,3999.99,Lorem ipsum dolor sit amet consectetur adipiscing elit. Vivamus dictum nunc nisl sit amet porttitor est convallis non. Ut commodo rutrum lacus non congue. Nullam sodales sed mi quis consectetur. Phasellus euismod mi ornare pellentesque congue. Phasellus scelerisque nisl ut venenatis facilisis. Sed ut euismod odio. Phasellus vitae eros eget augue tempus blandit in lobortis lacus.,Shark Buddies,2,Steve Irwin Stingray Experience
73,diving,1999.99,Lorem ipsum dolor sit amet consectetur adipiscing elit. Vivamus dictum nunc nisl sit amet porttitor est convallis non. Ut commodo rutrum lacus non congue. Nullam sodales sed mi quis consectetur. Phasellus euismod mi ornare pellentesque congue. Phasellus scelerisque nisl ut venenatis facilisis. Sed ut euismod odio. Phasellus vitae eros eget augue tempus blandit in lobortis lacus.,Yellow Submariners,3,Saltwater Crocs
74,diving,1999.99,Lorem ipsum dolor sit amet consectetur adipiscing elit. Vivamus dictum nunc nisl sit amet porttitor est convallis non. Ut commodo rutrum lacus non congue. Nullam sodales sed mi quis consectetur. Phasellus euismod mi ornare pellentesque congue. Phasellus scelerisque nisl ut venenatis facilisis. Sed ut euismod odio. Phasellus vitae eros eget augue tempus blandit in lobortis lacus.,Yellow Submariners,4,Avatar: The Phosperecent Origins
75,diving,1999.99,Lorem ipsum dolor sit amet consectetur adipiscing elit. Vivamus dictum nunc nisl sit amet porttitor est convallis non. Ut commodo rutrum lacus non congue. Nullam sodales sed mi quis consectetur. Phasellus euismod mi ornare pellentesque congue. Phasellus scelerisque nisl ut venenatis facilisis. Sed ut euismod odio. Phasellus vitae eros eget augue tempus blandit in lobortis lacus.,Yellow Submariners,5,Coral-copia
76,diving,2999.99,Lorem ipsum dolor sit amet consectetur adipiscing elit. Vivamus dictum nunc nisl sit amet porttitor est convallis non. Ut commodo rutrum lacus non congue. Nullam sodales sed mi quis consectetur. Phasellus euismod mi ornare pellentesque congue. Phasellus scelerisque nisl ut venenatis facilisis. Sed ut euismod odio. Phasellus vitae eros eget augue tempus blandit in lobortis lacus.,Yellow Submariners,1,Deep Water Winning
77,diving,399.99,Lorem ipsum dolor sit amet consectetur adipiscing elit. Vivamus dictum nunc nisl sit amet porttitor est convallis non. Ut commodo rutrum lacus non congue. Nullam sodales sed mi quis consectetur. Phasellus euismod mi ornare pellentesque congue. Phasellus scelerisque nisl ut venenatis facilisis. Sed ut euismod odio. Phasellus vitae eros eget augue tempus blandit in lobortis lacus.,Yellow Submariners,2,Angler Fish Need Love Too
78,diving,3999.99,Lorem ipsum dolor sit amet consectetur adipiscing elit. Vivamus dictum nunc nisl sit amet porttitor est convallis non. Ut commodo rutrum lacus non congue. Nullam sodales sed mi quis consectetur. Phasellus euismod mi ornare pellentesque congue. Phasellus scelerisque nisl ut venenatis facilisis. Sed ut euismod odio. Phasellus vitae eros eget augue tempus blandit in lobortis lacus.,Yellow Submariners,3,Mediteranean Mussels
79,diving,2999.99,Lorem ipsum dolor sit amet consectetur adipiscing elit. Vivamus dictum nunc nisl sit amet porttitor est convallis non. Ut commodo rutrum lacus non congue. Nullam sodales sed mi quis consectetur. Phasellus euismod mi ornare pellentesque congue. Phasellus scelerisque nisl ut venenatis facilisis. Sed ut euismod odio. Phasellus vitae eros eget augue tempus blandit in lobortis lacus.,Yellow Submariners,4,Barbary Coast Halibut Harems
80,diving,399.99,Lorem ipsum dolor sit amet consectetur adipiscing elit. Vivamus dictum nunc nisl sit amet porttitor est convallis non. Ut commodo rutrum lacus non congue. Nullam sodales sed mi quis consectetur. Phasellus euismod mi ornare pellentesque congue. Phasellus scelerisque nisl ut venenatis facilisis. Sed ut euismod odio. Phasellus vitae eros eget augue tempus blandit in lobortis lacus.,Yellow Submariners,5,Pearl Diving in St. Tropez
81,downhill biking,3999.99,Lorem ipsum dolor sit amet consectetur adipiscing elit. Vivamus dictum nunc nisl sit amet porttitor est convallis non. Ut commodo rutrum lacus non congue. Nullam sodales sed mi quis consectetur. Phasellus euismod mi ornare pellentesque congue. Phasellus scelerisque nisl ut venenatis facilisis. Sed ut euismod odio. Phasellus vitae eros eget augue tempus blandit in lobortis lacus.,Inertial Imperative,1,K2 Collision
82,downhill biking,1999.99,Lorem ipsum dolor sit amet consectetur adipiscing elit. Vivamus dictum nunc nisl sit amet porttitor est convallis non. Ut commodo rutrum lacus non congue. Nullam sodales sed mi quis consectetur. Phasellus euismod mi ornare pellentesque congue. Phasellus scelerisque nisl ut venenatis facilisis. Sed ut euismod odio. Phasellus vitae eros eget augue tempus blandit in lobortis lacus.,Inertial Imperative,2,Crashing Crested Butte
83,downhill biking,1999.99,Lorem ipsum dolor sit amet consectetur adipiscing elit. Vivamus dictum nunc nisl sit amet porttitor est convallis non. Ut commodo rutrum lacus non congue. Nullam sodales sed mi quis consectetur. Phasellus euismod mi ornare pellentesque congue. Phasellus scelerisque nisl ut venenatis facilisis. Sed ut euismod odio. Phasellus vitae eros eget augue tempus blandit in lobortis lacus.,Inertial Imperative,3,Forest Fiesta
84,downhill biking,1999.99,Lorem ipsum dolor sit amet consectetur adipiscing elit. Vivamus dictum nunc nisl sit amet porttitor est convallis non. Ut commodo rutrum lacus non congue. Nullam sodales sed mi quis consectetur. Phasellus euismod mi ornare pellentesque congue. Phasellus scelerisque nisl ut venenatis facilisis. Sed ut euismod odio. Phasellus vitae eros eget augue tempus blandit in lobortis lacus.,Inertial Imperative,4,KilamanjaroRace
85,downhill biking,1999.99,Lorem ipsum dolor sit amet consectetur adipiscing elit. Vivamus dictum nunc nisl sit amet porttitor est convallis non. Ut commodo rutrum lacus non congue. Nullam sodales sed mi quis consectetur. Phasellus euismod mi ornare pellentesque congue. Phasellus scelerisque nisl ut venenatis facilisis. Sed ut euismod odio. Phasellus vitae eros eget augue tempus blandit in lobortis lacus.,Inertial Imperative,5,Cecil the Lion Memorial Downhill
86,downhill biking,1999.99,Lorem ipsum dolor sit amet consectetur adipiscing elit. Vivamus dictum nunc nisl sit amet porttitor est convallis non. Ut commodo rutrum lacus non congue. Nullam sodales sed mi quis consectetur. Phasellus euismod mi ornare pellentesque congue. Phasellus scelerisque nisl ut venenatis facilisis. Sed ut euismod odio. Phasellus vitae eros eget augue tempus blandit in lobortis lacus.,Inertial Imperative,1,eXtreme Unicycling
87,downhill biking,1999.99,Lorem ipsum dolor sit amet consectetur adipiscing elit. Vivamus dictum nunc nisl sit amet porttitor est convallis non. Ut commodo rutrum lacus non congue. Nullam sodales sed mi quis consectetur. Phasellus euismod mi ornare pellentesque congue. Phasellus scelerisque nisl ut venenatis facilisis. Sed ut euismod odio. Phasellus vitae eros eget augue tempus blandit in lobortis lacus.,Inertial Imperative,2,Who need two wheels?
88,downhill biking,2999.99,Lorem ipsum dolor sit amet consectetur adipiscing elit. Vivamus dictum nunc nisl sit amet porttitor est convallis non. Ut commodo rutrum lacus non congue. Nullam sodales sed mi quis consectetur. Phasellus euismod mi ornare pellentesque congue. Phasellus scelerisque nisl ut venenatis facilisis. Sed ut euismod odio. Phasellus vitae eros eget augue tempus blandit in lobortis lacus.,Inertial Imperative,3,Tricycle Tots: Toddlers Only
89,downhill biking,399.99,Lorem ipsum dolor sit amet consectetur adipiscing elit. Vivamus dictum nunc nisl sit amet porttitor est convallis non. Ut commodo rutrum lacus non congue. Nullam sodales sed mi quis consectetur. Phasellus euismod mi ornare pellentesque congue. Phasellus scelerisque nisl ut venenatis facilisis. Sed ut euismod odio. Phasellus vitae eros eget augue tempus blandit in lobortis lacus.,Inertial Imperative,4,Tandem Downhill Racing
90,downhill biking,3999.99,Lorem ipsum dolor sit amet consectetur adipiscing elit. Vivamus dictum nunc nisl sit amet porttitor est convallis non. Ut commodo rutrum lacus non congue. Nullam sodales sed mi quis consectetur. Phasellus euismod mi ornare pellentesque congue. Phasellus scelerisque nisl ut venenatis facilisis. Sed ut euismod odio. Phasellus vitae eros eget augue tempus blandit in lobortis lacus.,Inertial Imperative,5,Presidential Time Trial
91,downhill biking,2999.99,Lorem ipsum dolor sit amet consectetur adipiscing elit. Vivamus dictum nunc nisl sit amet porttitor est convallis non. Ut commodo rutrum lacus non congue. Nullam sodales sed mi quis consectetur. Phasellus euismod mi ornare pellentesque congue. Phasellus scelerisque nisl ut venenatis facilisis. Sed ut euismod odio. Phasellus vitae eros eget augue tempus blandit in lobortis lacus.,Inertial Imperative,1,No Brakes Survival Challenge
92,downhill biking,399.99,Lorem ipsum dolor sit amet consectetur adipiscing elit. Vivamus dictum nunc nisl sit amet porttitor est convallis non. Ut commodo rutrum lacus non congue. Nullam sodales sed mi quis consectetur. Phasellus euismod mi ornare pellentesque congue. Phasellus scelerisque nisl ut venenatis facilisis. Sed ut euismod odio. Phasellus vitae eros eget augue tempus blandit in lobortis lacus.,Inertial Imperative,2,Cactus Friends Moab Endurance
93,downhill biking,3999.99,Lorem ipsum dolor sit amet consectetur adipiscing elit. Vivamus dictum nunc nisl sit amet porttitor est convallis non. Ut commodo rutrum lacus non congue. Nullam sodales sed mi quis consectetur. Phasellus euismod mi ornare pellentesque congue. Phasellus scelerisque nisl ut venenatis facilisis. Sed ut euismod odio. Phasellus vitae eros eget augue tempus blandit in lobortis lacus.,Gravity Groupies,3,Endless Summer Cross Country
94,downhill biking,1999.99,Lorem ipsum dolor sit amet consectetur adipiscing elit. Vivamus dictum nunc nisl sit amet porttitor est convallis non. Ut commodo rutrum lacus non congue. Nullam sodales sed mi quis consectetur. Phasellus euismod mi ornare pellentesque congue. Phasellus scelerisque nisl ut venenatis facilisis. Sed ut euismod odio. Phasellus vitae eros eget augue tempus blandit in lobortis lacus.,Gravity Groupies,4,Rock the Rockies
95,downhill biking,1999.99,Lorem ipsum dolor sit amet consectetur adipiscing elit. Vivamus dictum nunc nisl sit amet porttitor est convallis non. Ut commodo rutrum lacus non congue. Nullam sodales sed mi quis consectetur. Phasellus euismod mi ornare pellentesque congue. Phasellus scelerisque nisl ut venenatis facilisis. Sed ut euismod odio. Phasellus vitae eros eget augue tempus blandit in lobortis lacus.,Gravity Groupies,5,AT Endurance Trial
96,downhill biking,1999.99,Lorem ipsum dolor sit amet consectetur adipiscing elit. Vivamus dictum nunc nisl sit amet porttitor est convallis non. Ut commodo rutrum lacus non congue. Nullam sodales sed mi quis consectetur. Phasellus euismod mi ornare pellentesque congue. Phasellus scelerisque nisl ut venenatis facilisis. Sed ut euismod odio. Phasellus vitae eros eget augue tempus blandit in lobortis lacus.,Gravity Groupies,1,PCT Endurance Trial
97,downhill biking,2999.99,Lorem ipsum dolor sit amet consectetur adipiscing elit. Vivamus dictum nunc nisl sit amet porttitor est convallis non. Ut commodo rutrum lacus non congue. Nullam sodales sed mi quis consectetur. Phasellus euismod mi ornare pellentesque congue. Phasellus scelerisque nisl ut venenatis facilisis. Sed ut euismod odio. Phasellus vitae eros eget augue tempus blandit in lobortis lacus.,Gravity Groupies,2,CDT Endurance Trial
98,downhill biking,399.99,Lorem ipsum dolor sit amet consectetur adipiscing elit. Vivamus dictum nunc nisl sit amet porttitor est convallis non. Ut commodo rutrum lacus non congue. Nullam sodales sed mi quis consectetur. Phasellus euismod mi ornare pellentesque congue. Phasellus scelerisque nisl ut venenatis facilisis. Sed ut euismod odio. Phasellus vitae eros eget augue tempus blandit in lobortis lacus.,Gravity Groupies,3,To Hell and Back: Annual Sahara Desert Round Trip Race
99,downhill biking,3999.99,Lorem ipsum dolor sit amet consectetur adipiscing elit. Vivamus dictum nunc nisl sit amet porttitor est convallis non. Ut commodo rutrum lacus non congue. Nullam sodales sed mi quis consectetur. Phasellus euismod mi ornare pellentesque congue. Phasellus scelerisque nisl ut venenatis facilisis. Sed ut euismod odio. Phasellus vitae eros eget augue tempus blandit in lobortis lacus.,Gravity Groupies,4,Everest Downhill Survival Challenge